store_id,name,platform,url,created_at,status_checks_count,store_sku_checks_count,store_status_hourly_count
91,Cocopan 11Th Avenue Grace Park,foodpanda,https://www.foodpanda.ph/restaurant/lju1/cocopan-11th-avenue-grace-park,2025-09-09 10:42:54.130704,310,1,303
70,Cocopan Aglipay,foodpanda,https://www.foodpanda.ph/restaurant/m90j/cocopan-aglipay,2025-09-09 10:42:53.556352,310,4,303
115,Cocopan Almeda Pateros,foodpanda,https://www.foodpanda.ph/restaurant/z2cv/cocopan-almeda-pateros,2025-09-09 10:42:54.799589,310,1,303
72,Cocopan Altura,foodpanda,https://www.foodpanda.ph/restaurant/i51s/cocopan-altura,2025-09-09 10:42:53.605557,310,3,303
162,Cocopan Anonas,foodpanda,https://www.foodpanda.ph/restaurant/bnn1/cocopan-anonas,2025-10-01 05:08:50.063284,3,0,3
163,Cocopan Bf Holy Spirit,foodpanda,https://www.foodpanda.ph/restaurant/flfl/cocopan-bf-holy-spirit,2025-10-01 05:08:50.095690,3,0,3
116,Cocopan Binangonan,foodpanda,https://www.foodpanda.ph/restaurant/e0w7/cocopan-binangonan,2025-09-09 10:42:54.825265,310,1,303
75,Cocopan Blumentritt,foodpanda,https://www.foodpanda.ph/restaurant/srux/cocopan-blumentritt,2025-09-09 10:42:53.688109,310,3,303
90,Cocopan Buendia 1,foodpanda,https://www.foodpanda.ph/restaurant/jrsf/cocopan-buendia-1,2025-09-09 10:42:54.105216,310,1,303
77,Cocopan Caa Las Pinas,foodpanda,https://www.foodpanda.ph/restaurant/d3m1/cocopan-caa-las-pinas,2025-09-09 10:42:53.744433,310,2,303
121,Cocopan C De Guzman Santa Maria,foodpanda,https://www.foodpanda.ph/restaurant/yrpa/cocopan-c-de-guzman-santa-maria,2025-09-09 10:42:54.955661,310,1,303
165,Cocopan Comembo,foodpanda,https://www.foodpanda.ph/restaurant/dt7a/cocopan-comembo,2025-10-01 05:08:50.172406,3,0,3
166,Cocopan Concepcion Uno,foodpanda,https://www.foodpanda.ph/restaurant/xp47/cocopan-concepcion-uno,2025-10-01 05:08:50.198671,3,0,3
164,Cocopan Congressional,foodpanda,https://www.foodpanda.ph/restaurant/tff3/cocopan-congressional,2025-10-01 05:08:50.145768,3,0,3
81,Cocopan Dela Paz Antipolo,foodpanda,https://www.foodpanda.ph/restaurant/wcl5/cocopan-dela-paz-antipolo,2025-09-09 10:42:53.848799,310,2,303
86,Cocopan Edsa Taft,foodpanda,https://www.foodpanda.ph/restaurant/tep2/cocopan-edsa-taft,2025-09-09 10:42:53.996666,310,1,303
168,Cocopan Evacom,foodpanda,https://www.foodpanda.ph/restaurant/uqh5/cocopan-evacom,2025-10-01 05:08:50.439164,3,0,3
85,Cocopan Evangelista,foodpanda,https://www.foodpanda.ph/restaurant/cgoy/cocopan-evangelista,2025-09-09 10:42:53.970338,698,9,635
83,Cocopan Ever 11Th Avenue,foodpanda,https://www.foodpanda.ph/restaurant/xadn/cocopan-ever-11th-avenue,2025-09-09 10:42:53.911809,310,2,303
82,Cocopan Ever Caloocan 10Th Avenue,foodpanda,https://www.foodpanda.ph/restaurant/iuxa/cocopan-ever-caloocan-10th-avenue,2025-09-09 10:42:53.873686,310,2,303
167,Cocopan Ever Navotas,foodpanda,https://www.foodpanda.ph/restaurant/qwvk/cocopan-ever-navotas,2025-10-01 05:08:50.407663,3,0,3
76,Cocopan Filinvest Batasan,foodpanda,https://www.foodpanda.ph/restaurant/erw4/cocopan-filinvest-batasan,2025-09-09 10:42:53.714827,310,3,303
88,Cocopan Fortune Marilao,foodpanda,https://www.foodpanda.ph/restaurant/p52k/cocopan-fortune-marilao,2025-09-09 10:42:54.052556,310,1,303
98,Cocopan Galas,foodpanda,https://www.foodpanda.ph/restaurant/m4te/cocopan-galas,2025-09-09 10:42:54.319567,310,1,303
89,Cocopan Gastambide,foodpanda,https://www.foodpanda.ph/restaurant/ilm8/cocopan-gastambide,2025-09-09 10:42:54.078546,310,1,303
169,Cocopan Guadalupe,foodpanda,https://www.foodpanda.ph/restaurant/ve7h/cocopan-guadalupe,2025-10-01 05:08:50.475377,3,0,3
93,Cocopan I Mall Antipolo,foodpanda,https://www.foodpanda.ph/restaurant/j9n1/cocopan-i-mall-antipolo,2025-09-09 10:42:54.182028,310,1,303
170,Cocopan Kamuning,foodpanda,https://www.foodpanda.ph/restaurant/ytrx/cocopan-kamuning,2025-10-01 05:08:50.504793,3,0,3
96,Cocopan Kanlaon Street,foodpanda,https://www.foodpanda.ph/restaurant/g1j3/cocopan-kanlaon-street,2025-09-09 10:42:54.266125,310,1,303
171,Cocopan La Huerta,foodpanda,https://www.foodpanda.ph/restaurant/wk3r/cocopan-la-huerta,2025-10-01 05:08:50.536833,3,0,3
100,Cocopan Landayan San Pedro,foodpanda,https://www.foodpanda.ph/restaurant/zgns/cocopan-landayan-san-pedro,2025-09-09 10:42:54.368261,310,1,303
172,Cocopan Lifehomes Rosario,foodpanda,https://www.foodpanda.ph/restaurant/q031/cocopan-lifehomes-rosario,2025-10-01 05:08:50.571668,3,0,3
173,Cocopan Litex,foodpanda,https://www.foodpanda.ph/restaurant/xwtr/cocopan-litex,2025-10-01 05:08:50.603356,3,0,3
103,Cocopan Loreto,foodpanda,https://www.foodpanda.ph/restaurant/uy49/cocopan-loreto,2025-09-09 10:42:54.456099,310,1,303
128,Cocopan Luzon,foodpanda,https://www.foodpanda.ph/restaurant/e67g/cocopan-luzon,2025-09-09 10:42:55.158451,313,1,305
125,Cocopan Market Avenue Palatiw,foodpanda,https://www.foodpanda.ph/restaurant/e6c0/cocopan-market-avenue-palatiw,2025-09-09 10:42:55.079498,313,1,305
177,Cocopan Maypajo,foodpanda,https://www.foodpanda.ph/restaurant/g09p/cocopan-maypajo,2025-10-01 05:08:50.722277,3,0,3
174,Cocopan Maysilo,foodpanda,https://www.foodpanda.ph/restaurant/mvwg/cocopan-maysilo,2025-10-01 05:08:50.632670,3,0,3
175,Cocopan Merville,foodpanda,https://www.foodpanda.ph/restaurant/w75z/cocopan-merville,2025-10-01 05:08:50.670473,3,0,3
105,Cocopan Meycauayan Bulacan,foodpanda,https://www.foodpanda.ph/restaurant/e00z/cocopan-meycauayan-bulacan,2025-09-09 10:42:54.513458,310,1,303
108,Cocopan Mindanao Avenue Tandang Sora,foodpanda,https://www.foodpanda.ph/restaurant/wgmi/cocopan-mindanao-avenue-tandang-sora,2025-09-09 10:42:54.599894,310,0,303
176,Cocopan Moonwalk,foodpanda,foodpanda.ph/restaurant/rusp/cocopan-moonwalk,2025-10-01 05:08:50.698646,3,0,3
178,Cocopan Munoz,foodpanda,https://www.foodpanda.ph/restaurant/aizh/cocopan-munoz,2025-10-01 05:08:50.750754,3,0,3
110,Cocopan Murphy Cubao,foodpanda,https://www.foodpanda.ph/restaurant/jn0o/cocopan-murphy-cubao,2025-09-09 10:42:54.651899,310,1,303
111,Cocopan Naval Street,foodpanda,https://www.foodpanda.ph/restaurant/emap/cocopan-naval-street,2025-09-09 10:42:54.680342,310,1,303
112,Cocopan N Domingo,foodpanda,https://www.foodpanda.ph/restaurant/z9gt/cocopan-n-domingo,2025-09-09 10:42:54.718485,310,1,303
114,Cocopan Old Santa Mesa,foodpanda,https://www.foodpanda.ph/restaurant/aok0/cocopan-old-santa-mesa,2025-09-09 10:42:54.773297,310,1,303
113,Cocopan Ortigas,foodpanda,https://www.foodpanda.ph/restaurant/isa4/cocopan-ortigas,2025-09-09 10:42:54.749296,310,1,303
143,Cocopan Pacita Complex,foodpanda,https://www.foodpanda.ph/restaurant/wtd9/cocopan-pacita-complex,2025-09-09 10:42:55.583403,310,0,303
117,Cocopan Parola Cainta,foodpanda,https://www.foodpanda.ph/restaurant/bs6f/cocopan-parola-cainta,2025-09-09 10:42:54.850692,310,1,303
179,Cocopan Pedro Gil,foodpanda,https://www.foodpanda.ph/restaurant/rrb2/cocopan-pedro-gil,2025-10-01 05:08:50.801097,3,0,3
123,Cocopan Pinagsama,foodpanda,https://www.foodpanda.ph/restaurant/km01/cocopan-pinagsama,2025-09-09 10:42:55.025140,313,1,305
122,Cocopan Pinagsama Ii Afp,foodpanda,https://www.foodpanda.ph/restaurant/inte/cocopan-pinagsama-ii-afp,2025-09-09 10:42:54.998135,310,0,303
180,Cocopan Pio Valenzuela,foodpanda,https://www.foodpanda.ph/restaurant/gkzo/cocopan-pio-valenzuela,2025-10-01 05:08:50.825418,3,0,3
142,Cocopan Polo Valenzuela,foodpanda,https://www.foodpanda.ph/restaurant/jaxy/cocopan-polo-valenzuela,2025-09-09 10:42:55.557936,310,0,303
120,Cocopan Pulang Lupa,foodpanda,https://www.foodpanda.ph/restaurant/iobj/cocopan-pulang-lupa,2025-09-09 10:42:54.931800,700,10,637
124,Cocopan Putatan,foodpanda,https://www.foodpanda.ph/restaurant/mf3q/cocopan-putatan,2025-09-09 10:42:55.051291,700,9,637
181,Cocopan Quiapo,foodpanda,https://www.foodpanda.ph/restaurant/m0sb/cocopan-quiapo,2025-10-01 05:08:50.875651,3,0,3
132,Cocopan San Isidro,foodpanda,https://www.foodpanda.ph/restaurant/v3nm/cocopan-san-isidro,2025-09-09 10:42:55.280655,310,0,303
134,Cocopan Santa Quiteria Caloocan,foodpanda,https://www.foodpanda.ph/restaurant/poyk/cocopan-santa-quiteria-caloocan,2025-09-09 10:42:55.343108,313,1,305
130,Cocopan San Vicente Binan,foodpanda,https://www.foodpanda.ph/restaurant/w72u/cocopan-san-vicente-binan,2025-09-09 10:42:55.215430,313,1,305
129,Cocopan Sarmiento Novaliches,foodpanda,https://www.foodpanda.ph/restaurant/sase/cocopan-sarmiento-novaliches,2025-09-09 10:42:55.189879,310,0,303
133,Cocopan Sierra Madre Mandaluyong,foodpanda,https://www.foodpanda.ph/restaurant/dslt/cocopan-sierra-madre-mandaluyong,2025-09-09 10:42:55.306110,310,0,303
131,Cocopan Signal Taguig,foodpanda,https://www.foodpanda.ph/restaurant/rdct/cocopan-signal-taguig,2025-09-09 10:42:55.254756,310,0,303
127,Cocopan Sixto Antonio Avenue,foodpanda,https://www.foodpanda.ph/restaurant/dntx/cocopan-sixto-antonio-avenue,2025-09-09 10:42:55.129850,310,0,303
183,Cocopan Talon Uno,foodpanda,https://www.foodpanda.ph/restaurant/oxjw/cocopan-talon-uno,2025-10-01 05:08:50.964312,3,0,3
182,Cocopan Taytay,foodpanda,https://www.foodpanda.ph/restaurant/ej9u/cocopan-taytay,2025-10-01 05:08:50.927758,3,0,3
136,Cocopan Tejeros,foodpanda,https://www.foodpanda.ph/restaurant/n1ch/cocopan-tejeros,2025-09-09 10:42:55.399513,701,9,637
137,Cocopan Trabajo Market,foodpanda,foodpanda.ph/restaurant/qe3o/cocopan-trabajo-market,2025-09-09 10:42:55.424597,310,0,303
74,Cocopan Vicas Camarin,foodpanda,https://www.foodpanda.ph/restaurant/n5hy/cocopan-vicas-camarin,2025-09-09 10:42:53.658927,310,3,303
94,Cocopan Victor Medina,foodpanda,https://www.foodpanda.ph/restaurant/omuq/cocopan-victor-medina,2025-09-09 10:42:54.209326,310,1,303
139,Cocopan Villongco,foodpanda,https://www.foodpanda.ph/restaurant/a4t9/cocopan-villongco,2025-09-09 10:42:55.477338,310,0,303
184,Cocopan Wakas Bocaue,foodpanda,https://www.foodpanda.ph/restaurant/ruya/cocopan-wakas-bocaue,2025-10-01 05:08:51.005683,3,0,3
141,Cocopan Zapote Bacoor,foodpanda,https://www.foodpanda.ph/restaurant/ta5r/cocopan-zapote-bacoor,2025-09-09 10:42:55.531863,310,0,303
3,Cocopan Altura Sta. Mesa,grabfood,https://food.grab.com/ph/en/restaurant/cocopan-altura-santa-mesa-delivery/2-C7EUVP2UEJ43L6,2025-09-09 10:37:50.173701,390,10,334
2,Cocopan Anonas,grabfood,https://food.grab.com/ph/en/restaurant/cocopan-anonas-delivery/2-C6XVCUDGNXNZNN,2025-09-09 10:37:50.143596,697,14,634
4,Cocopan Bf Holy Spirit,grabfood,https://food.grab.com/ph/en/restaurant/cocopan-bf-holy-spirit-delivery/2-C6V2PEAEEE5DEN,2025-09-09 10:37:50.191974,697,13,634
5,Cocopan Bicas,grabfood,https://food.grab.com/ph/en/restaurant/cocopan-vicas-camarin-delivery/2-C6TATLDTTE4BT2,2025-09-09 10:37:50.210514,390,9,334
6,Cocopan Caa,grabfood,https://food.grab.com/ph/en/restaurant/cocopan-caa-delivery/2-C7EUVP2UDB3BRJ,2025-09-09 10:37:50.226163,390,9,334
8,Cocopan Cm Recto,grabfood,https://food.grab.com/ph/en/restaurant/cocopan-recto-delivery/2-C6TAT22GNVN2AA,2025-09-09 10:37:50.262988,390,9,334
9,Cocopan Comembo,grabfood,https://food.grab.com/ph/en/restaurant/cocopan-comembo-delivery/2-C4LHNVL1EEATDE,2025-09-09 10:37:50.282735,697,11,634
10,Cocopan Concepcion Uno,grabfood,https://food.grab.com/ph/en/restaurant/cocopan-concepcion-uno-delivery/2-C6UYHBKJTJACAE,2025-09-09 10:37:50.301813,697,11,634
7,Cocopan Congressional,grabfood,https://food.grab.com/ph/en/restaurant/cocopan-congressional-delivery/2-C7E1CYCVHALWE2,2025-09-09 10:37:50.243687,697,11,634
14,Cocopan Edsa Pasay,grabfood,https://food.grab.com/ph/en/restaurant/cocopan-edsa-taft-delivery/2-C7EUVP2UEK4HTN,2025-09-09 10:37:50.430159,390,9,334
15,Cocopan Evacom,grabfood,https://food.grab.com/ph/en/restaurant/cocopan-evacom-delivery/2-C7EZVVDWE8NZHA,2025-09-09 10:37:50.450534,697,10,634
145,Cocopan - Evangelista,grabfood,https://food.grab.com/ph/en/restaurant/cocopan-evangelista-delivery/2-C7K2LTJDNE2VAE,2025-10-01 02:36:02.761113,3,1,2
11,Cocopan Ever 10Th Ave.,grabfood,https://r.grab.com/g/6-20250906_124707_D04A3A46E55B4AF29A6D170C83D08758_MEXMPS-2-C7KXCKNEN252ME,2025-09-09 10:37:50.322667,387,8,332
12,Cocopan Ever 11Th Ave.,grabfood,https://food.grab.com/ph/en/restaurant/online-delivery/2-C6UYHBKJSEC2TN?sourceID=20250906_124622_D04A3A46E55B4AF29A6D170C83D08758_MEXMPS,2025-09-09 10:37:50.342724,390,9,334
146,Cocopan - Ever Caloocan,grabfood,https://food.grab.com/ph/en/restaurant/cocopan-ever-caloocan-delivery/2-C7KXCKNEN252ME,2025-10-01 02:40:19.954062,3,1,2
13,Cocopan Ever Navotas,grabfood,https://food.grab.com/ph/en/restaurant/cocopan-ever-navotas-delivery/2-C6UYGEWWVCLFR6,2025-09-09 10:37:50.407549,698,10,634
158,Cocopan Felix Huertas St,grabfood,https://food.grab.com/ph/en/restaurant/cocopan-felix-huertas-st-delivery/2-C4E2FAJGTYTCVA,2025-10-01 03:56:35.908847,3,1,2
16,Cocopan Fortune Market,grabfood,https://food.grab.com/ph/en/restaurant/cocopan-fortune-market-marilao-delivery/2-C7E1CF32A7NKLE,2025-09-09 10:37:50.468995,390,9,334
17,Cocopan Gil Puyat,grabfood,https://food.grab.com/ph/en/restaurant/cocopan-buendia-1-delivery/2-C6TATLDTSFMAAE,2025-09-09 10:37:50.491938,390,9,334
161,Cocopan Grace Park,grabfood,https://food.grab.com/ph/en/restaurant/cocopan-grace-park-delivery/2-C7LDVGEVEPDTGN,2025-10-01 03:56:36.042216,390,9,334
18,Cocopan Guadalupe,grabfood,https://food.grab.com/ph/en/restaurant/cocopan-guadalupe-delivery/2-C4LHNVLVCACWC2,2025-09-09 10:37:50.512446,697,10,634
19,Cocopan Imall Antipolo,grabfood,https://food.grab.com/ph/en/restaurant/cocopan-imall-antipolo-delivery/2-C66BGTUASBJTTJ,2025-09-09 10:37:50.534143,390,9,334
20,Cocopan Kabihasnan,grabfood,https://food.grab.com/ph/en/restaurant/cocopan-victor-medina-delivery/2-C7EUVP2UAXNGHE,2025-09-09 10:37:50.554337,390,9,334
24,Cocopan Kalentong I,grabfood,https://food.grab.com/ph/en/restaurant/cocopan-kalentong-delivery/2-C35GCT3KGYUKT6,2025-09-09 10:37:50.659367,390,9,334
21,Cocopan Kamuning,grabfood,https://food.grab.com/ph/en/restaurant/cocopan-kamuning-delivery/2-C66BGTUBBBAENA,2025-09-09 10:37:50.576531,697,10,634
22,Cocopan Kanlaon,grabfood,https://food.grab.com/ph/en/restaurant/cocopan-kanlaon-delivery/2-C6UYGKT2DGEFJA,2025-09-09 10:37:50.596501,390,9,334
23,Cocopan Katuparan,grabfood,https://food.grab.com/ph/en/restaurant/cocopan-katuparan-delivery/2-C6TBJ6VTCAXUPE,2025-09-09 10:37:50.633433,390,9,334
25,Cocopan La Huerta,grabfood,https://food.grab.com/ph/en/restaurant/cocopan-la-huerta-delivery/2-C7E1CYC3R4EDGE,2025-09-09 10:37:50.690611,697,10,634
28,Cocopan Landayan,grabfood,https://food.grab.com/ph/en/restaurant/cocopan-landayan-san-pedro-delivery/2-C7E1CYDWVLBUC6,2025-09-09 10:37:50.771182,390,9,334
27,Cocopan Lifehomes Rosario,grabfood,https://food.grab.com/ph/en/restaurant/cocopan-lifehome-rosario-delivery/2-C66BHCDEJ6MBN6,2025-09-09 10:37:50.745927,697,10,634
29,Cocopan Litex,grabfood,https://food.grab.com/ph/en/restaurant/cocopan-litex-delivery/2-C6XKTFWEJ7EXNN,2025-09-09 10:37:50.800604,697,10,634
147,Cocopan - Loreto Street,grabfood,https://food.grab.com/ph/en/restaurant/cocopan-loreto-street-delivery/2-C66BGTUAELCKE6,2025-10-01 03:05:28.857446,3,1,2
189,Cocopan Luzon,grabfood,https://food.grab.com/ph/en/restaurant/cocopan-luzon-delivery/2-C6V2PEAEEFLGMA,2025-10-01 05:08:51.650551,0,0,0
26,Cocopan Luzon Galas,grabfood,https://food.grab.com/ph/en/restaurant/cocopan-galas-delivery/2-C66BGTT2CPXGWE,2025-09-09 10:37:50.717411,390,9,334
188,Cocopan Market Avenue Palatiw,grabfood,https://food.grab.com/ph/en/restaurant/cocopan-market-avenue-palatiw-delivery/2-C6UYGKT2ECDXTT,2025-10-01 05:08:51.616554,0,0,0
34,Cocopan Maypajo,grabfood,https://food.grab.com/ph/en/restaurant/cocopan-maypajo-delivery/2-C6XKTFWELJ51R6,2025-09-09 10:37:50.947902,697,10,634
1,Cocopan Maysilo,grabfood,https://food.grab.com/ph/en/restaurant/cocopan-maysilo-delivery/2-C6TATTL2UF2UDA,2025-09-09 10:37:50.122300,697,12,634
31,Cocopan Merville,grabfood,https://food.grab.com/ph/en/restaurant/cocopan-merville-west-svc-rd-delivery/2-C4LHNVLZAXAVAJ,2025-09-09 10:37:50.861637,697,10,634
32,Cocopan Meycauayan,grabfood,https://food.grab.com/ph/en/restaurant/cocopan-meycauayan-delivery/2-C6UYGKT2EEKHN2,2025-09-09 10:37:50.889343,390,9,334
33,Cocopan Moonwalk,grabfood,https://food.grab.com/ph/en/restaurant/cocopan-moonwalk-delivery/2-C6MCSA4FMEJWGJ,2025-09-09 10:37:50.914410,697,9,634
30,Cocopan Morning Breeze,grabfood,https://r.grab.com/g/6-20250906_131203_D04A3A46E55B4AF29A6D170C83D08758_MEXMPS-2-C66BGTUAELCKE6,2025-09-09 10:37:50.832016,387,8,332
35,Cocopan Munoz,grabfood,https://food.grab.com/ph/en/restaurant/cocopan-munoz-delivery/2-C6MCSA4FN8MVAX,2025-09-09 10:37:50.980166,697,10,634
36,Cocopan Murphy,grabfood,https://food.grab.com/ph/en/restaurant/cocopan-murphy-cubao-delivery/2-C6UYGKT2DGEWA2,2025-09-09 10:37:51.011382,390,9,334
37,Cocopan Naval,grabfood,https://food.grab.com/ph/en/restaurant/cocopan-naval-delivery/2-C6V2PEAEEALFA2,2025-09-09 10:37:51.042703,390,9,334
38,Cocopan N. Domingo,grabfood,https://food.grab.com/ph/en/restaurant/cocopan-n-domingo-delivery/2-C6XKTFWEKFWETA,2025-09-09 10:37:51.074512,390,9,334
40,Cocopan Old Sta. Mesa,grabfood,https://food.grab.com/ph/en/restaurant/cocopan-old-santa-mesa-delivery/2-C7EUVP2TVRBYVT,2025-09-09 10:37:51.123997,390,9,334
39,Cocopan Ortigas Cainta,grabfood,https://food.grab.com/ph/en/restaurant/cocopan-ortigas-delivery/2-C7KXCKNHG2JJGA,2025-09-09 10:37:51.099472,390,9,334
41,Cocopan Paco,grabfood,https://food.grab.com/ph/en/restaurant/cocopan-paco-delivery/2-C35GC7EFRANYRA,2025-09-09 10:37:51.147817,390,9,334
44,Cocopan Pag Asa Binangonan,grabfood,https://food.grab.com/ph/en/restaurant/cocopan-binangonan-delivery/2-C66BHCDEKACAAJ,2025-09-09 10:37:51.235460,390,9,334
50,Cocopan Palatiw,grabfood,https://r.grab.com/g/6-20250906_123719_D04A3A46E55B4AF29A6D170C83D08758_MEXMPS-2-C6UYGKT2ECDXTT,2025-09-09 10:37:51.354219,387,8,332
42,Cocopan Pateros,grabfood,https://food.grab.com/ph/en/restaurant/cocopan-pateros-delivery/2-C6UYHBKJRYDKAE,2025-09-09 10:37:51.176882,390,9,334
45,Cocopan Pedro Gil,grabfood,https://food.grab.com/ph/en/restaurant/cocopan-pedro-gil-delivery/2-C4E2FAJECANYCT,2025-09-09 10:37:51.254808,697,9,634
43,Cocopan Pinagbuhatan,grabfood,https://food.grab.com/ph/en/restaurant/cocopan-pinagbuhatan-delivery/2-C6TATPA2V4EZHE,2025-09-09 10:37:51.208408,390,9,334
186,Cocopan Pinagsama,grabfood,https://food.grab.com/ph/en/restaurant/cocopan-pinagsama-delivery/2-C6TATPA2V8KAGA,2025-10-01 05:08:51.557705,0,0,0
48,Cocopan Pinagsama I,grabfood,https://r.grab.com/g/6-20250906_123531_D04A3A46E55B4AF29A6D170C83D08758_MEXMPS-2-C6TATPA2V8KAGA,2025-09-09 10:37:51.316360,388,8,332
46,Cocopan Pio Valenzuela,grabfood,https://food.grab.com/ph/en/restaurant/cocopan-pio-valenzuela-delivery/2-C6TATUVFRAJBLX,2025-09-09 10:37:51.271882,697,9,634
66,Cocopan Polo M.H Del Pilar,grabfood,https://food.grab.com/ph/en/restaurant/cocopan-polo-m-h-del-pilar-delivery/2-C66BHCDEKF6YUE,2025-09-09 10:37:51.689047,390,9,334
185,Cocopan Pulang Lupa,grabfood,https://food.grab.com/ph/en/restaurant/cocopan-pulang-lupa-delivery/2-C6MCSA4EPBWAC6,2025-10-01 05:08:51.529334,0,0,0
187,Cocopan Putatan,grabfood,https://food.grab.com/ph/en/restaurant/cocopan-putatan-delivery/2-C66BGTUAWEUFEA,2025-10-01 05:08:51.587449,0,0,0
51,Cocopan Quiapo,grabfood,https://food.grab.com/ph/en/restaurant/cocopan-quezon-blvd-quiapo-delivery/2-C6MEGZMTTNUANJ,2025-09-09 10:37:51.374984,697,9,634
53,Cocopan Samadores,grabfood,https://r.grab.com/g/6-20250906_131013_D04A3A46E55B4AF29A6D170C83D08758_MEXMPS-2-C6V2PEAEEFLGMA,2025-09-09 10:37:51.412388,387,8,332
58,Cocopan San Lazaro,grabfood,https://r.grab.com/g/6-20250906_140146_D04A3A46E55B4AF29A6D170C83D08758_MEXMPS-2-C4E2FAJGTYTCVA,2025-09-09 10:37:51.518488,387,8,332
191,Cocopan Santa Quiteria Caloocan,grabfood,https://food.grab.com/ph/en/restaurant/cocopan-santa-quiteria-caloocan-delivery/2-C66BGTT3C2MJJJ,2025-10-01 05:08:51.731201,0,0,0
55,Cocopan San Vicente,grabfood,https://r.grab.com/g/6-20250906_125907_D04A3A46E55B4AF29A6D170C83D08758_MEXMPS-2-C7E1CYCVGPEFCE,2025-09-09 10:37:51.452232,387,8,332
190,Cocopan San Vicente Binan,grabfood,https://food.grab.com/ph/en/restaurant/cocopan-san-vicente-binan-delivery/2-C7E1CYCVGPEFCE,2025-10-01 05:08:51.678782,0,0,0
154,Cocopan Sarmiento,grabfood,https://food.grab.com/ph/en/restaurant/cocopan-sarmiento-delivery/2-C6MCRY5FGJEKJJ,2025-10-01 03:56:35.820036,390,9,334
157,Cocopan Sierra Madre,grabfood,https://food.grab.com/ph/en/restaurant/cocopan-sierra-madre-delivery/2-C7E1ANWBJCCAVA,2025-10-01 03:56:35.891588,390,9,334
156,Cocopan Signal,grabfood,https://food.grab.com/ph/en/restaurant/cocopan-signal-delivery/2-C6TBLCCKNXK3TE,2025-10-01 03:56:35.876641,390,9,334
152,Cocopan Sixto Antonio,grabfood,https://food.grab.com/ph/en/restaurant/cocopan-sixto-antonio-delivery/2-C7EUVP2UAU6ZAN,2025-10-01 03:56:35.786066,3,1,2
52,Cocopan Sixto Caniogan,grabfood,https://r.grab.com/g/6-20250906_123812_D04A3A46E55B4AF29A6D170C83D08758_MEXMPS-2-C7EUVP2UAU6ZAN,2025-09-09 10:37:51.392353,387,8,332
59,Cocopan Sta. Quiteria,grabfood,https://r.grab.com/g/6-20250906_125612_D04A3A46E55B4AF29A6D170C83D08758_MEXMPS-2-C66BGTT3C2MJJJ,2025-09-09 10:37:51.536658,388,8,332
67,Cocopan Susano Road Novaliches,grabfood,https://r.grab.com/g/6-20250906_125409_D04A3A46E55B4AF29A6D170C83D08758_MEXMPS-2-C6MEHBN2EX51EA,2025-09-09 10:37:51.711480,390,9,334
193,Cocopan Susano Road Novaliches,grabfood,https://food.grab.com/ph/en/restaurant/cocopan-susano-road-novaliches-delivery/2-C6MEHBN2EX51EA,2025-10-01 05:57:05.131429,0,0,0
62,Cocopan Talon Uno,grabfood,https://food.grab.com/ph/en/restaurant/cocopan-talon-uno-delivery/2-C6TATTL2UGBXE2,2025-09-09 10:37:51.596053,697,9,634
60,Cocopan Taytay,grabfood,https://food.grab.com/ph/en/restaurant/cocopan-taytay-delivery/2-C66BHCDEJ2CFTA,2025-09-09 10:37:51.557282,697,9,634
192,Cocopan Tejeros,grabfood,https://food.grab.com/ph/en/restaurant/cocopan-tejeros-delivery/2-C6UYGKT2EF61VJ,2025-10-01 05:08:51.764245,0,0,0
63,Cocopan Villongco I,grabfood,https://food.grab.com/ph/en/restaurant/cocopan-villongco-delivery/2-C6TATUVFRJC1TN,2025-09-09 10:37:51.618053,390,9,334
64,Cocopan Wakas Bocaue,grabfood,https://food.grab.com/ph/en/restaurant/cocopan-wakas-bocaue-delivery/2-C7E1CF32A7EVME,2025-09-09 10:37:51.639334,697,10,634
65,Cocopan Zapote,grabfood,https://food.grab.com/ph/en/restaurant/cocopan-zapote-delivery/2-C7E1CF32BEEUGA,2025-09-09 10:37:51.662916,390,9,334
