store_id,store_name,url,platform,created_at,is_online,response_time_ms,error_message,last_status_check,compliance_percentage,out_of_stock_count,sku_checked_by,sku_checked_at
91,Cocopan 11Th Avenue Grace Park,https://www.foodpanda.ph/restaurant/lju1/cocopan-11th-avenue-grace-park,foodpanda,2025-09-09 10:42:54.130704,True,1000.0,[VA_CHECKIN] 2025-10-01 14:00 - Store online via dinaerispe@gmail.com,2025-10-01 06:00:00.000000,,,,
70,Cocopan Aglipay,https://www.foodpanda.ph/restaurant/m90j/cocopan-aglipay,foodpanda,2025-09-09 10:42:53.556352,True,1000.0,[VA_CHECKIN] 2025-10-01 14:00 - Store online via dinaerispe@gmail.com,2025-10-01 06:00:00.000000,,,,
115,Cocopan Almeda Pateros,https://www.foodpanda.ph/restaurant/z2cv/cocopan-almeda-pateros,foodpanda,2025-09-09 10:42:54.799589,True,1000.0,[VA_CHECKIN] 2025-10-01 14:00 - Store online via dinaerispe@gmail.com,2025-10-01 06:00:00.000000,,,,
72,Cocopan Altura,https://www.foodpanda.ph/restaurant/i51s/cocopan-altura,foodpanda,2025-09-09 10:42:53.605557,True,1000.0,[VA_CHECKIN] 2025-10-01 14:00 - Store online via dinaerispe@gmail.com,2025-10-01 06:00:00.000000,,,,
162,Cocopan Anonas,https://www.foodpanda.ph/restaurant/bnn1/cocopan-anonas,foodpanda,2025-10-01 05:08:50.063284,True,1000.0,[VA_CHECKIN] 2025-10-01 14:00 - Store online via dinaerispe@gmail.com,2025-10-01 06:00:00.000000,,,,
163,Cocopan Bf Holy Spirit,https://www.foodpanda.ph/restaurant/flfl/cocopan-bf-holy-spirit,foodpanda,2025-10-01 05:08:50.095690,True,1000.0,[VA_CHECKIN] 2025-10-01 14:00 - Store online via dinaerispe@gmail.com,2025-10-01 06:00:00.000000,,,,
116,Cocopan Binangonan,https://www.foodpanda.ph/restaurant/e0w7/cocopan-binangonan,foodpanda,2025-09-09 10:42:54.825265,True,1000.0,[VA_CHECKIN] 2025-10-01 14:00 - Store online via dinaerispe@gmail.com,2025-10-01 06:00:00.000000,,,,
75,Cocopan Blumentritt,https://www.foodpanda.ph/restaurant/srux/cocopan-blumentritt,foodpanda,2025-09-09 10:42:53.688109,True,1000.0,[VA_CHECKIN] 2025-10-01 14:00 - Store online via dinaerispe@gmail.com,2025-10-01 06:00:00.000000,,,,
90,Cocopan Buendia 1,https://www.foodpanda.ph/restaurant/jrsf/cocopan-buendia-1,foodpanda,2025-09-09 10:42:54.105216,True,1000.0,[VA_CHECKIN] 2025-10-01 14:00 - Store online via dinaerispe@gmail.com,2025-10-01 06:00:00.000000,,,,
77,Cocopan Caa Las Pinas,https://www.foodpanda.ph/restaurant/d3m1/cocopan-caa-las-pinas,foodpanda,2025-09-09 10:42:53.744433,True,1000.0,[VA_CHECKIN] 2025-10-01 14:00 - Store online via dinaerispe@gmail.com,2025-10-01 06:00:00.000000,,,,
121,Cocopan C De Guzman Santa Maria,https://www.foodpanda.ph/restaurant/yrpa/cocopan-c-de-guzman-santa-maria,foodpanda,2025-09-09 10:42:54.955661,True,1000.0,[VA_CHECKIN] 2025-10-01 14:00 - Store online via dinaerispe@gmail.com,2025-10-01 06:00:00.000000,,,,
165,Cocopan Comembo,https://www.foodpanda.ph/restaurant/dt7a/cocopan-comembo,foodpanda,2025-10-01 05:08:50.172406,True,1000.0,[VA_CHECKIN] 2025-10-01 14:00 - Store online via dinaerispe@gmail.com,2025-10-01 06:00:00.000000,,,,
166,Cocopan Concepcion Uno,https://www.foodpanda.ph/restaurant/xp47/cocopan-concepcion-uno,foodpanda,2025-10-01 05:08:50.198671,True,1000.0,[VA_CHECKIN] 2025-10-01 14:00 - Store online via dinaerispe@gmail.com,2025-10-01 06:00:00.000000,,,,
164,Cocopan Congressional,https://www.foodpanda.ph/restaurant/tff3/cocopan-congressional,foodpanda,2025-10-01 05:08:50.145768,True,1000.0,[VA_CHECKIN] 2025-10-01 14:00 - Store online via dinaerispe@gmail.com,2025-10-01 06:00:00.000000,,,,
81,Cocopan Dela Paz Antipolo,https://www.foodpanda.ph/restaurant/wcl5/cocopan-dela-paz-antipolo,foodpanda,2025-09-09 10:42:53.848799,True,1000.0,[VA_CHECKIN] 2025-10-01 14:00 - Store online via dinaerispe@gmail.com,2025-10-01 06:00:00.000000,,,,
86,Cocopan Edsa Taft,https://www.foodpanda.ph/restaurant/tep2/cocopan-edsa-taft,foodpanda,2025-09-09 10:42:53.996666,True,1000.0,[VA_CHECKIN] 2025-10-01 14:00 - Store online via dinaerispe@gmail.com,2025-10-01 06:00:00.000000,,,,
168,Cocopan Evacom,https://www.foodpanda.ph/restaurant/uqh5/cocopan-evacom,foodpanda,2025-10-01 05:08:50.439164,True,1000.0,[VA_CHECKIN] 2025-10-01 14:00 - Store online via dinaerispe@gmail.com,2025-10-01 06:00:00.000000,,,,
85,Cocopan Evangelista,https://www.foodpanda.ph/restaurant/cgoy/cocopan-evangelista,foodpanda,2025-09-09 10:42:53.970338,True,1000.0,[VA_CHECKIN] 2025-10-01 14:00 - Store online via dinaerispe@gmail.com,2025-10-01 06:00:00.000000,,,,
83,Cocopan Ever 11Th Avenue,https://www.foodpanda.ph/restaurant/xadn/cocopan-ever-11th-avenue,foodpanda,2025-09-09 10:42:53.911809,True,1000.0,[VA_CHECKIN] 2025-10-01 14:00 - Store online via dinaerispe@gmail.com,2025-10-01 06:00:00.000000,,,,
82,Cocopan Ever Caloocan 10Th Avenue,https://www.foodpanda.ph/restaurant/iuxa/cocopan-ever-caloocan-10th-avenue,foodpanda,2025-09-09 10:42:53.873686,True,1000.0,[VA_CHECKIN] 2025-10-01 14:00 - Store online via dinaerispe@gmail.com,2025-10-01 06:00:00.000000,,,,
167,Cocopan Ever Navotas,https://www.foodpanda.ph/restaurant/qwvk/cocopan-ever-navotas,foodpanda,2025-10-01 05:08:50.407663,True,1000.0,[VA_CHECKIN] 2025-10-01 14:00 - Store online via dinaerispe@gmail.com,2025-10-01 06:00:00.000000,,,,
76,Cocopan Filinvest Batasan,https://www.foodpanda.ph/restaurant/erw4/cocopan-filinvest-batasan,foodpanda,2025-09-09 10:42:53.714827,True,1000.0,[VA_CHECKIN] 2025-10-01 14:00 - Store online via dinaerispe@gmail.com,2025-10-01 06:00:00.000000,,,,
88,Cocopan Fortune Marilao,https://www.foodpanda.ph/restaurant/p52k/cocopan-fortune-marilao,foodpanda,2025-09-09 10:42:54.052556,True,1000.0,[VA_CHECKIN] 2025-10-01 14:00 - Store online via dinaerispe@gmail.com,2025-10-01 06:00:00.000000,,,,
98,Cocopan Galas,https://www.foodpanda.ph/restaurant/m4te/cocopan-galas,foodpanda,2025-09-09 10:42:54.319567,True,1000.0,[VA_CHECKIN] 2025-10-01 14:00 - Store online via dinaerispe@gmail.com,2025-10-01 06:00:00.000000,,,,
89,Cocopan Gastambide,https://www.foodpanda.ph/restaurant/ilm8/cocopan-gastambide,foodpanda,2025-09-09 10:42:54.078546,True,1000.0,[VA_CHECKIN] 2025-10-01 14:00 - Store online via dinaerispe@gmail.com,2025-10-01 06:00:00.000000,,,,
169,Cocopan Guadalupe,https://www.foodpanda.ph/restaurant/ve7h/cocopan-guadalupe,foodpanda,2025-10-01 05:08:50.475377,True,1000.0,[VA_CHECKIN] 2025-10-01 14:00 - Store online via dinaerispe@gmail.com,2025-10-01 06:00:00.000000,,,,
93,Cocopan I Mall Antipolo,https://www.foodpanda.ph/restaurant/j9n1/cocopan-i-mall-antipolo,foodpanda,2025-09-09 10:42:54.182028,True,1000.0,[VA_CHECKIN] 2025-10-01 14:00 - Store online via dinaerispe@gmail.com,2025-10-01 06:00:00.000000,,,,
170,Cocopan Kamuning,https://www.foodpanda.ph/restaurant/ytrx/cocopan-kamuning,foodpanda,2025-10-01 05:08:50.504793,False,1000.0,[VA_CHECKIN] 2025-10-01 14:00 - Store offline via dinaerispe@gmail.com,2025-10-01 06:00:00.000000,,,,
96,Cocopan Kanlaon Street,https://www.foodpanda.ph/restaurant/g1j3/cocopan-kanlaon-street,foodpanda,2025-09-09 10:42:54.266125,True,1000.0,[VA_CHECKIN] 2025-10-01 14:00 - Store online via dinaerispe@gmail.com,2025-10-01 06:00:00.000000,,,,
171,Cocopan La Huerta,https://www.foodpanda.ph/restaurant/wk3r/cocopan-la-huerta,foodpanda,2025-10-01 05:08:50.536833,True,1000.0,[VA_CHECKIN] 2025-10-01 14:00 - Store online via dinaerispe@gmail.com,2025-10-01 06:00:00.000000,,,,
100,Cocopan Landayan San Pedro,https://www.foodpanda.ph/restaurant/zgns/cocopan-landayan-san-pedro,foodpanda,2025-09-09 10:42:54.368261,True,1000.0,[VA_CHECKIN] 2025-10-01 14:00 - Store online via dinaerispe@gmail.com,2025-10-01 06:00:00.000000,,,,
172,Cocopan Lifehomes Rosario,https://www.foodpanda.ph/restaurant/q031/cocopan-lifehomes-rosario,foodpanda,2025-10-01 05:08:50.571668,True,1000.0,[VA_CHECKIN] 2025-10-01 14:00 - Store online via dinaerispe@gmail.com,2025-10-01 06:00:00.000000,,,,
173,Cocopan Litex,https://www.foodpanda.ph/restaurant/xwtr/cocopan-litex,foodpanda,2025-10-01 05:08:50.603356,True,1000.0,[VA_CHECKIN] 2025-10-01 14:00 - Store online via dinaerispe@gmail.com,2025-10-01 06:00:00.000000,,,,
103,Cocopan Loreto,https://www.foodpanda.ph/restaurant/uy49/cocopan-loreto,foodpanda,2025-09-09 10:42:54.456099,True,1000.0,[VA_CHECKIN] 2025-10-01 14:00 - Store online via dinaerispe@gmail.com,2025-10-01 06:00:00.000000,,,,
128,Cocopan Luzon,https://www.foodpanda.ph/restaurant/e67g/cocopan-luzon,foodpanda,2025-09-09 10:42:55.158451,True,1000.0,[VA_CHECKIN] 2025-10-01 14:00 - Store online via dinaerispe@gmail.com,2025-10-01 06:00:00.000000,100.0,0.0,automated_scraper,2025-10-01 04:06:46.450752
125,Cocopan Market Avenue Palatiw,https://www.foodpanda.ph/restaurant/e6c0/cocopan-market-avenue-palatiw,foodpanda,2025-09-09 10:42:55.079498,True,1000.0,[VA_CHECKIN] 2025-10-01 14:00 - Store online via dinaerispe@gmail.com,2025-10-01 06:00:00.000000,89.47,10.0,automated_scraper,2025-10-01 04:05:38.433051
177,Cocopan Maypajo,https://www.foodpanda.ph/restaurant/g09p/cocopan-maypajo,foodpanda,2025-10-01 05:08:50.722277,True,1000.0,[VA_CHECKIN] 2025-10-01 14:00 - Store online via dinaerispe@gmail.com,2025-10-01 06:00:00.000000,,,,
174,Cocopan Maysilo,https://www.foodpanda.ph/restaurant/mvwg/cocopan-maysilo,foodpanda,2025-10-01 05:08:50.632670,True,1000.0,[VA_CHECKIN] 2025-10-01 14:00 - Store online via dinaerispe@gmail.com,2025-10-01 06:00:00.000000,,,,
175,Cocopan Merville,https://www.foodpanda.ph/restaurant/w75z/cocopan-merville,foodpanda,2025-10-01 05:08:50.670473,True,1000.0,[VA_CHECKIN] 2025-10-01 14:00 - Store online via dinaerispe@gmail.com,2025-10-01 06:00:00.000000,,,,
105,Cocopan Meycauayan Bulacan,https://www.foodpanda.ph/restaurant/e00z/cocopan-meycauayan-bulacan,foodpanda,2025-09-09 10:42:54.513458,True,1000.0,[VA_CHECKIN] 2025-10-01 14:00 - Store online via dinaerispe@gmail.com,2025-10-01 06:00:00.000000,,,,
108,Cocopan Mindanao Avenue Tandang Sora,https://www.foodpanda.ph/restaurant/wgmi/cocopan-mindanao-avenue-tandang-sora,foodpanda,2025-09-09 10:42:54.599894,False,1000.0,[VA_CHECKIN] 2025-10-01 14:00 - Store offline via dinaerispe@gmail.com,2025-10-01 06:00:00.000000,,,,
176,Cocopan Moonwalk,foodpanda.ph/restaurant/rusp/cocopan-moonwalk,foodpanda,2025-10-01 05:08:50.698646,True,1000.0,[VA_CHECKIN] 2025-10-01 14:00 - Store online via dinaerispe@gmail.com,2025-10-01 06:00:00.000000,,,,
178,Cocopan Munoz,https://www.foodpanda.ph/restaurant/aizh/cocopan-munoz,foodpanda,2025-10-01 05:08:50.750754,True,1000.0,[VA_CHECKIN] 2025-10-01 14:00 - Store online via dinaerispe@gmail.com,2025-10-01 06:00:00.000000,,,,
110,Cocopan Murphy Cubao,https://www.foodpanda.ph/restaurant/jn0o/cocopan-murphy-cubao,foodpanda,2025-09-09 10:42:54.651899,True,1000.0,[VA_CHECKIN] 2025-10-01 14:00 - Store online via dinaerispe@gmail.com,2025-10-01 06:00:00.000000,,,,
111,Cocopan Naval Street,https://www.foodpanda.ph/restaurant/emap/cocopan-naval-street,foodpanda,2025-09-09 10:42:54.680342,True,1000.0,[VA_CHECKIN] 2025-10-01 14:00 - Store online via dinaerispe@gmail.com,2025-10-01 06:00:00.000000,,,,
112,Cocopan N Domingo,https://www.foodpanda.ph/restaurant/z9gt/cocopan-n-domingo,foodpanda,2025-09-09 10:42:54.718485,True,1000.0,[VA_CHECKIN] 2025-10-01 14:00 - Store online via dinaerispe@gmail.com,2025-10-01 06:00:00.000000,,,,
114,Cocopan Old Santa Mesa,https://www.foodpanda.ph/restaurant/aok0/cocopan-old-santa-mesa,foodpanda,2025-09-09 10:42:54.773297,True,1000.0,[VA_CHECKIN] 2025-10-01 14:00 - Store online via dinaerispe@gmail.com,2025-10-01 06:00:00.000000,,,,
113,Cocopan Ortigas,https://www.foodpanda.ph/restaurant/isa4/cocopan-ortigas,foodpanda,2025-09-09 10:42:54.749296,True,1000.0,[VA_CHECKIN] 2025-10-01 14:00 - Store online via dinaerispe@gmail.com,2025-10-01 06:00:00.000000,,,,
143,Cocopan Pacita Complex,https://www.foodpanda.ph/restaurant/wtd9/cocopan-pacita-complex,foodpanda,2025-09-09 10:42:55.583403,True,1000.0,[VA_CHECKIN] 2025-10-01 14:00 - Store online via dinaerispe@gmail.com,2025-10-01 06:00:00.000000,,,,
117,Cocopan Parola Cainta,https://www.foodpanda.ph/restaurant/bs6f/cocopan-parola-cainta,foodpanda,2025-09-09 10:42:54.850692,True,1000.0,[VA_CHECKIN] 2025-10-01 14:00 - Store online via dinaerispe@gmail.com,2025-10-01 06:00:00.000000,,,,
179,Cocopan Pedro Gil,https://www.foodpanda.ph/restaurant/rrb2/cocopan-pedro-gil,foodpanda,2025-10-01 05:08:50.801097,True,1000.0,[VA_CHECKIN] 2025-10-01 14:00 - Store online via dinaerispe@gmail.com,2025-10-01 06:00:00.000000,,,,
123,Cocopan Pinagsama,https://www.foodpanda.ph/restaurant/km01/cocopan-pinagsama,foodpanda,2025-09-09 10:42:55.025140,True,1000.0,[VA_CHECKIN] 2025-10-01 14:00 - Store online via dinaerispe@gmail.com,2025-10-01 06:00:00.000000,100.0,0.0,automated_scraper,2025-10-01 04:04:55.188548
122,Cocopan Pinagsama Ii Afp,https://www.foodpanda.ph/restaurant/inte/cocopan-pinagsama-ii-afp,foodpanda,2025-09-09 10:42:54.998135,True,1000.0,[VA_CHECKIN] 2025-10-01 14:00 - Store online via dinaerispe@gmail.com,2025-10-01 06:00:00.000000,,,,
180,Cocopan Pio Valenzuela,https://www.foodpanda.ph/restaurant/gkzo/cocopan-pio-valenzuela,foodpanda,2025-10-01 05:08:50.825418,True,1000.0,[VA_CHECKIN] 2025-10-01 14:00 - Store online via dinaerispe@gmail.com,2025-10-01 06:00:00.000000,,,,
142,Cocopan Polo Valenzuela,https://www.foodpanda.ph/restaurant/jaxy/cocopan-polo-valenzuela,foodpanda,2025-09-09 10:42:55.557936,True,1000.0,[VA_CHECKIN] 2025-10-01 14:00 - Store online via dinaerispe@gmail.com,2025-10-01 06:00:00.000000,,,,
120,Cocopan Pulang Lupa,https://www.foodpanda.ph/restaurant/iobj/cocopan-pulang-lupa,foodpanda,2025-09-09 10:42:54.931800,True,1000.0,[VA_CHECKIN] 2025-10-01 14:00 - Store online via dinaerispe@gmail.com,2025-10-01 06:00:00.000000,96.84,3.0,automated_scraper,2025-10-01 04:04:34.285581
124,Cocopan Putatan,https://www.foodpanda.ph/restaurant/mf3q/cocopan-putatan,foodpanda,2025-09-09 10:42:55.051291,True,1000.0,[VA_CHECKIN] 2025-10-01 14:00 - Store online via dinaerispe@gmail.com,2025-10-01 06:00:00.000000,97.89,2.0,automated_scraper,2025-10-01 04:05:16.125087
181,Cocopan Quiapo,https://www.foodpanda.ph/restaurant/m0sb/cocopan-quiapo,foodpanda,2025-10-01 05:08:50.875651,True,1000.0,[VA_CHECKIN] 2025-10-01 14:00 - Store online via dinaerispe@gmail.com,2025-10-01 06:00:00.000000,,,,
132,Cocopan San Isidro,https://www.foodpanda.ph/restaurant/v3nm/cocopan-san-isidro,foodpanda,2025-09-09 10:42:55.280655,True,1000.0,[VA_CHECKIN] 2025-10-01 14:00 - Store online via dinaerispe@gmail.com,2025-10-01 06:00:00.000000,,,,
134,Cocopan Santa Quiteria Caloocan,https://www.foodpanda.ph/restaurant/poyk/cocopan-santa-quiteria-caloocan,foodpanda,2025-09-09 10:42:55.343108,True,1000.0,[VA_CHECKIN] 2025-10-01 14:00 - Store online via dinaerispe@gmail.com,2025-10-01 06:00:00.000000,97.89,2.0,automated_scraper,2025-10-01 04:08:59.973927
130,Cocopan San Vicente Binan,https://www.foodpanda.ph/restaurant/w72u/cocopan-san-vicente-binan,foodpanda,2025-09-09 10:42:55.215430,True,1000.0,[VA_CHECKIN] 2025-10-01 14:00 - Store online via dinaerispe@gmail.com,2025-10-01 06:00:00.000000,100.0,0.0,automated_scraper,2025-10-01 04:07:29.508986
129,Cocopan Sarmiento Novaliches,https://www.foodpanda.ph/restaurant/sase/cocopan-sarmiento-novaliches,foodpanda,2025-09-09 10:42:55.189879,True,1000.0,[VA_CHECKIN] 2025-10-01 14:00 - Store online via dinaerispe@gmail.com,2025-10-01 06:00:00.000000,,,,
133,Cocopan Sierra Madre Mandaluyong,https://www.foodpanda.ph/restaurant/dslt/cocopan-sierra-madre-mandaluyong,foodpanda,2025-09-09 10:42:55.306110,True,1000.0,[VA_CHECKIN] 2025-10-01 14:00 - Store online via dinaerispe@gmail.com,2025-10-01 06:00:00.000000,,,,
131,Cocopan Signal Taguig,https://www.foodpanda.ph/restaurant/rdct/cocopan-signal-taguig,foodpanda,2025-09-09 10:42:55.254756,True,1000.0,[VA_CHECKIN] 2025-10-01 14:00 - Store online via dinaerispe@gmail.com,2025-10-01 06:00:00.000000,,,,
127,Cocopan Sixto Antonio Avenue,https://www.foodpanda.ph/restaurant/dntx/cocopan-sixto-antonio-avenue,foodpanda,2025-09-09 10:42:55.129850,True,1000.0,[VA_CHECKIN] 2025-10-01 14:00 - Store online via dinaerispe@gmail.com,2025-10-01 06:00:00.000000,,,,
183,Cocopan Talon Uno,https://www.foodpanda.ph/restaurant/oxjw/cocopan-talon-uno,foodpanda,2025-10-01 05:08:50.964312,True,1000.0,[VA_CHECKIN] 2025-10-01 14:00 - Store online via dinaerispe@gmail.com,2025-10-01 06:00:00.000000,,,,
182,Cocopan Taytay,https://www.foodpanda.ph/restaurant/ej9u/cocopan-taytay,foodpanda,2025-10-01 05:08:50.927758,True,1000.0,[VA_CHECKIN] 2025-10-01 14:00 - Store online via dinaerispe@gmail.com,2025-10-01 06:00:00.000000,,,,
136,Cocopan Tejeros,https://www.foodpanda.ph/restaurant/n1ch/cocopan-tejeros,foodpanda,2025-09-09 10:42:55.399513,True,1000.0,[VA_CHECKIN] 2025-10-01 14:00 - Store online via dinaerispe@gmail.com,2025-10-01 06:00:00.000000,95.79,4.0,automated_scraper,2025-10-01 04:09:43.821553
137,Cocopan Trabajo Market,foodpanda.ph/restaurant/qe3o/cocopan-trabajo-market,foodpanda,2025-09-09 10:42:55.424597,True,1000.0,[VA_CHECKIN] 2025-10-01 14:00 - Store online via dinaerispe@gmail.com,2025-10-01 06:00:00.000000,,,,
74,Cocopan Vicas Camarin,https://www.foodpanda.ph/restaurant/n5hy/cocopan-vicas-camarin,foodpanda,2025-09-09 10:42:53.658927,True,1000.0,[VA_CHECKIN] 2025-10-01 14:00 - Store online via dinaerispe@gmail.com,2025-10-01 06:00:00.000000,,,,
94,Cocopan Victor Medina,https://www.foodpanda.ph/restaurant/omuq/cocopan-victor-medina,foodpanda,2025-09-09 10:42:54.209326,True,1000.0,[VA_CHECKIN] 2025-10-01 14:00 - Store online via dinaerispe@gmail.com,2025-10-01 06:00:00.000000,,,,
139,Cocopan Villongco,https://www.foodpanda.ph/restaurant/a4t9/cocopan-villongco,foodpanda,2025-09-09 10:42:55.477338,True,1000.0,[VA_CHECKIN] 2025-10-01 14:00 - Store online via dinaerispe@gmail.com,2025-10-01 06:00:00.000000,,,,
184,Cocopan Wakas Bocaue,https://www.foodpanda.ph/restaurant/ruya/cocopan-wakas-bocaue,foodpanda,2025-10-01 05:08:51.005683,False,1000.0,[VA_CHECKIN] 2025-10-01 14:00 - Store offline via dinaerispe@gmail.com,2025-10-01 06:00:00.000000,,,,
141,Cocopan Zapote Bacoor,https://www.foodpanda.ph/restaurant/ta5r/cocopan-zapote-bacoor,foodpanda,2025-09-09 10:42:55.531863,True,1000.0,[VA_CHECKIN] 2025-10-01 14:00 - Store online via dinaerispe@gmail.com,2025-10-01 06:00:00.000000,,,,
3,Cocopan Altura Sta. Mesa,https://food.grab.com/ph/en/restaurant/cocopan-altura-santa-mesa-delivery/2-C7EUVP2UEJ43L6,grabfood,2025-09-09 10:37:50.173701,True,1857.0,Store page with ordering available,2025-10-01 04:54:56.746139,94.74,5.0,automated_scraper,2025-10-01 03:48:40.866374
2,Cocopan Anonas,https://food.grab.com/ph/en/restaurant/cocopan-anonas-delivery/2-C6XVCUDGNXNZNN,grabfood,2025-09-09 10:37:50.143596,True,3119.0,Store page with ordering available,2025-10-01 04:54:56.712675,95.79,4.0,automated_scraper,2025-10-01 03:48:18.587584
4,Cocopan Bf Holy Spirit,https://food.grab.com/ph/en/restaurant/cocopan-bf-holy-spirit-delivery/2-C6V2PEAEEE5DEN,grabfood,2025-09-09 10:37:50.191974,True,2918.0,Store page with ordering available,2025-10-01 04:54:56.772168,91.58,8.0,automated_scraper,2025-10-01 03:49:02.586675
5,Cocopan Bicas,https://food.grab.com/ph/en/restaurant/cocopan-vicas-camarin-delivery/2-C6TATLDTTE4BT2,grabfood,2025-09-09 10:37:50.210514,True,4407.0,Store page with ordering available,2025-10-01 04:54:56.804359,97.89,2.0,automated_scraper,2025-10-01 03:49:22.979149
6,Cocopan Caa,https://food.grab.com/ph/en/restaurant/cocopan-caa-delivery/2-C7EUVP2UDB3BRJ,grabfood,2025-09-09 10:37:50.226163,True,3101.0,Store page with ordering available,2025-10-01 04:54:56.851267,93.68,6.0,automated_scraper,2025-10-01 03:49:45.589715
8,Cocopan Cm Recto,https://food.grab.com/ph/en/restaurant/cocopan-recto-delivery/2-C6TAT22GNVN2AA,grabfood,2025-09-09 10:37:50.262988,True,1867.0,Store page with ordering available,2025-10-01 04:54:56.915666,81.05,18.0,automated_scraper,2025-10-01 03:50:31.513526
9,Cocopan Comembo,https://food.grab.com/ph/en/restaurant/cocopan-comembo-delivery/2-C4LHNVL1EEATDE,grabfood,2025-09-09 10:37:50.282735,True,4875.0,Store page with ordering available,2025-10-01 04:54:56.933430,96.84,3.0,automated_scraper,2025-10-01 03:50:54.822121
10,Cocopan Concepcion Uno,https://food.grab.com/ph/en/restaurant/cocopan-concepcion-uno-delivery/2-C6UYHBKJTJACAE,grabfood,2025-09-09 10:37:50.301813,True,1974.0,Store page with ordering available,2025-10-01 04:54:56.954665,92.63,7.0,automated_scraper,2025-10-01 03:51:14.292929
7,Cocopan Congressional,https://food.grab.com/ph/en/restaurant/cocopan-congressional-delivery/2-C7E1CYCVHALWE2,grabfood,2025-09-09 10:37:50.243687,True,3528.0,Store page with ordering available,2025-10-01 04:54:56.876709,98.95,1.0,automated_scraper,2025-10-01 03:50:08.601139
14,Cocopan Edsa Pasay,https://food.grab.com/ph/en/restaurant/cocopan-edsa-taft-delivery/2-C7EUVP2UEK4HTN,grabfood,2025-09-09 10:37:50.430159,True,2823.0,Store page with ordering available,2025-10-01 04:54:57.050746,97.89,2.0,automated_scraper,2025-10-01 03:52:39.523169
15,Cocopan Evacom,https://food.grab.com/ph/en/restaurant/cocopan-evacom-delivery/2-C7EZVVDWE8NZHA,grabfood,2025-09-09 10:37:50.450534,True,3467.0,Store page with ordering available,2025-10-01 04:54:57.072708,100.0,0.0,automated_scraper,2025-10-01 03:52:59.810318
145,Cocopan - Evangelista,https://food.grab.com/ph/en/restaurant/cocopan-evangelista-delivery/2-C7K2LTJDNE2VAE,grabfood,2025-10-01 02:36:02.761113,False,2592.0,[OFFLINE] Store shows: today closed,2025-10-01 04:54:56.584981,100.0,0.0,automated_scraper,2025-10-01 03:47:16.556303
11,Cocopan Ever 10Th Ave.,https://r.grab.com/g/6-20250906_124707_D04A3A46E55B4AF29A6D170C83D08758_MEXMPS-2-C7KXCKNEN252ME,grabfood,2025-09-09 10:37:50.322667,False,2918.0,[OFFLINE] Store shows: today closed,2025-10-01 02:59:36.111461,,,,
12,Cocopan Ever 11Th Ave.,https://food.grab.com/ph/en/restaurant/online-delivery/2-C6UYHBKJSEC2TN?sourceID=20250906_124622_D04A3A46E55B4AF29A6D170C83D08758_MEXMPS,grabfood,2025-09-09 10:37:50.342724,True,2155.0,Store page with ordering available,2025-10-01 04:54:57.011440,96.84,3.0,automated_scraper,2025-10-01 03:51:59.299159
146,Cocopan - Ever Caloocan,https://food.grab.com/ph/en/restaurant/cocopan-ever-caloocan-delivery/2-C7KXCKNEN252ME,grabfood,2025-10-01 02:40:19.954062,False,1724.0,[OFFLINE] Store shows: today closed,2025-10-01 04:54:56.991155,97.89,2.0,automated_scraper,2025-10-01 03:51:36.962971
13,Cocopan Ever Navotas,https://food.grab.com/ph/en/restaurant/cocopan-ever-navotas-delivery/2-C6UYGEWWVCLFR6,grabfood,2025-09-09 10:37:50.407549,True,1632.0,Store page with ordering available,2025-10-01 04:54:57.031084,100.0,0.0,automated_scraper,2025-10-01 03:52:21.206270
158,Cocopan Felix Huertas St,https://food.grab.com/ph/en/restaurant/cocopan-felix-huertas-st-delivery/2-C4E2FAJGTYTCVA,grabfood,2025-10-01 03:56:35.908847,True,1308.0,Store page with ordering available,2025-10-01 04:54:57.747823,96.84,3.0,automated_scraper,2025-10-01 04:08:35.053439
16,Cocopan Fortune Market,https://food.grab.com/ph/en/restaurant/cocopan-fortune-market-marilao-delivery/2-C7E1CF32A7NKLE,grabfood,2025-09-09 10:37:50.468995,True,1925.0,Store page with ordering available,2025-10-01 04:54:57.094669,95.79,4.0,automated_scraper,2025-10-01 03:53:22.855331
17,Cocopan Gil Puyat,https://food.grab.com/ph/en/restaurant/cocopan-buendia-1-delivery/2-C6TATLDTSFMAAE,grabfood,2025-09-09 10:37:50.491938,True,1474.0,Store page with ordering available,2025-10-01 04:54:57.113738,80.0,19.0,automated_scraper,2025-10-01 03:53:43.497871
161,Cocopan Grace Park,https://food.grab.com/ph/en/restaurant/cocopan-grace-park-delivery/2-C7LDVGEVEPDTGN,grabfood,2025-10-01 03:56:36.042216,True,2799.0,Store page with ordering available,2025-10-01 04:54:57.863816,94.74,5.0,automated_scraper,2025-10-01 04:11:57.615624
18,Cocopan Guadalupe,https://food.grab.com/ph/en/restaurant/cocopan-guadalupe-delivery/2-C4LHNVLVCACWC2,grabfood,2025-09-09 10:37:50.512446,True,2616.0,Store page with ordering available,2025-10-01 04:54:57.133477,91.58,8.0,automated_scraper,2025-10-01 03:54:06.350210
19,Cocopan Imall Antipolo,https://food.grab.com/ph/en/restaurant/cocopan-imall-antipolo-delivery/2-C66BGTUASBJTTJ,grabfood,2025-09-09 10:37:50.534143,True,3311.0,Store page with ordering available,2025-10-01 04:54:57.149864,85.26,14.0,automated_scraper,2025-10-01 03:54:31.033240
20,Cocopan Kabihasnan,https://food.grab.com/ph/en/restaurant/cocopan-victor-medina-delivery/2-C7EUVP2UAXNGHE,grabfood,2025-09-09 10:37:50.554337,True,3731.0,Store page with ordering available,2025-10-01 04:54:57.171451,100.0,0.0,automated_scraper,2025-10-01 03:54:52.509393
24,Cocopan Kalentong I,https://food.grab.com/ph/en/restaurant/cocopan-kalentong-delivery/2-C35GCT3KGYUKT6,grabfood,2025-09-09 10:37:50.659367,True,2713.0,Store page with ordering available,2025-10-01 04:54:57.240534,94.74,5.0,automated_scraper,2025-10-01 03:56:19.381653
21,Cocopan Kamuning,https://food.grab.com/ph/en/restaurant/cocopan-kamuning-delivery/2-C66BGTUBBBAENA,grabfood,2025-09-09 10:37:50.576531,True,1903.0,Store page with ordering available,2025-10-01 04:54:57.186446,100.0,0.0,automated_scraper,2025-10-01 03:55:13.655517
22,Cocopan Kanlaon,https://food.grab.com/ph/en/restaurant/cocopan-kanlaon-delivery/2-C6UYGKT2DGEFJA,grabfood,2025-09-09 10:37:50.596501,True,2752.0,Store page with ordering available,2025-10-01 04:54:57.199407,94.74,5.0,automated_scraper,2025-10-01 03:55:37.377196
23,Cocopan Katuparan,https://food.grab.com/ph/en/restaurant/cocopan-katuparan-delivery/2-C6TBJ6VTCAXUPE,grabfood,2025-09-09 10:37:50.633433,True,2307.0,Store page with ordering available,2025-10-01 04:54:57.220432,98.95,1.0,automated_scraper,2025-10-01 03:55:58.198337
25,Cocopan La Huerta,https://food.grab.com/ph/en/restaurant/cocopan-la-huerta-delivery/2-C7E1CYC3R4EDGE,grabfood,2025-09-09 10:37:50.690611,True,2932.0,Store page with ordering available,2025-10-01 04:54:57.268123,100.0,0.0,automated_scraper,2025-10-01 03:56:41.111297
28,Cocopan Landayan,https://food.grab.com/ph/en/restaurant/cocopan-landayan-san-pedro-delivery/2-C7E1CYDWVLBUC6,grabfood,2025-09-09 10:37:50.771182,True,2252.0,Store page with ordering available,2025-10-01 04:54:57.332814,98.95,1.0,automated_scraper,2025-10-01 03:57:51.578299
27,Cocopan Lifehomes Rosario,https://food.grab.com/ph/en/restaurant/cocopan-lifehome-rosario-delivery/2-C66BHCDEJ6MBN6,grabfood,2025-09-09 10:37:50.745927,True,1825.0,Store page with ordering available,2025-10-01 04:54:57.314764,91.58,8.0,automated_scraper,2025-10-01 03:57:27.532696
29,Cocopan Litex,https://food.grab.com/ph/en/restaurant/cocopan-litex-delivery/2-C6XKTFWEJ7EXNN,grabfood,2025-09-09 10:37:50.800604,True,2771.0,Store page with ordering available,2025-10-01 04:54:57.350829,95.79,4.0,automated_scraper,2025-10-01 03:58:10.806910
147,Cocopan - Loreto Street,https://food.grab.com/ph/en/restaurant/cocopan-loreto-street-delivery/2-C66BGTUAELCKE6,grabfood,2025-10-01 03:05:28.857446,True,1955.0,Store page with ordering available,2025-10-01 04:54:57.366985,98.95,1.0,automated_scraper,2025-10-01 03:58:31.163711
189,Cocopan Luzon,https://food.grab.com/ph/en/restaurant/cocopan-luzon-delivery/2-C6V2PEAEEFLGMA,grabfood,2025-10-01 05:08:51.650551,,,,,,,,
26,Cocopan Luzon Galas,https://food.grab.com/ph/en/restaurant/cocopan-galas-delivery/2-C66BGTT2CPXGWE,grabfood,2025-09-09 10:37:50.717411,True,2066.0,Store page with ordering available,2025-10-01 04:54:57.294074,88.42,11.0,automated_scraper,2025-10-01 03:57:04.226841
188,Cocopan Market Avenue Palatiw,https://food.grab.com/ph/en/restaurant/cocopan-market-avenue-palatiw-delivery/2-C6UYGKT2ECDXTT,grabfood,2025-10-01 05:08:51.616554,,,,,,,,
34,Cocopan Maypajo,https://food.grab.com/ph/en/restaurant/cocopan-maypajo-delivery/2-C6XKTFWELJ51R6,grabfood,2025-09-09 10:37:50.947902,True,1645.0,Store page with ordering available,2025-10-01 04:54:57.428838,100.0,0.0,automated_scraper,2025-10-01 04:00:02.296279
1,Cocopan Maysilo,https://food.grab.com/ph/en/restaurant/cocopan-maysilo-delivery/2-C6TATTL2UF2UDA,grabfood,2025-09-09 10:37:50.122300,True,1633.0,Store page with ordering available,2025-10-01 04:54:56.673363,100.0,0.0,automated_scraper,2025-10-01 03:47:56.815859
31,Cocopan Merville,https://food.grab.com/ph/en/restaurant/cocopan-merville-west-svc-rd-delivery/2-C4LHNVLZAXAVAJ,grabfood,2025-09-09 10:37:50.861637,True,3756.0,Store page with ordering available,2025-10-01 04:54:57.379335,94.74,5.0,automated_scraper,2025-10-01 03:58:53.240072
32,Cocopan Meycauayan,https://food.grab.com/ph/en/restaurant/cocopan-meycauayan-delivery/2-C6UYGKT2EEKHN2,grabfood,2025-09-09 10:37:50.889343,True,2610.0,Store page with ordering available,2025-10-01 04:54:57.394456,88.42,11.0,automated_scraper,2025-10-01 03:59:14.756980
33,Cocopan Moonwalk,https://food.grab.com/ph/en/restaurant/cocopan-moonwalk-delivery/2-C6MCSA4FMEJWGJ,grabfood,2025-09-09 10:37:50.914410,True,2996.0,Store page with ordering available,2025-10-01 04:54:57.409663,100.0,0.0,automated_scraper,2025-10-01 03:59:38.165853
30,Cocopan Morning Breeze,https://r.grab.com/g/6-20250906_131203_D04A3A46E55B4AF29A6D170C83D08758_MEXMPS-2-C66BGTUAELCKE6,grabfood,2025-09-09 10:37:50.832016,True,3401.0,Store page with ordering available,2025-10-01 02:59:36.431234,,,,
35,Cocopan Munoz,https://food.grab.com/ph/en/restaurant/cocopan-munoz-delivery/2-C6MCSA4FN8MVAX,grabfood,2025-09-09 10:37:50.980166,True,3602.0,Store page with ordering available,2025-10-01 04:54:57.440996,91.58,8.0,automated_scraper,2025-10-01 04:00:27.141192
36,Cocopan Murphy,https://food.grab.com/ph/en/restaurant/cocopan-murphy-cubao-delivery/2-C6UYGKT2DGEWA2,grabfood,2025-09-09 10:37:51.011382,True,3209.0,Store page with ordering available,2025-10-01 04:54:57.455830,97.89,2.0,automated_scraper,2025-10-01 04:00:50.741985
37,Cocopan Naval,https://food.grab.com/ph/en/restaurant/cocopan-naval-delivery/2-C6V2PEAEEALFA2,grabfood,2025-09-09 10:37:51.042703,True,1686.0,Store page with ordering available,2025-10-01 04:54:57.470061,90.53,9.0,automated_scraper,2025-10-01 04:01:14.713720
38,Cocopan N. Domingo,https://food.grab.com/ph/en/restaurant/cocopan-n-domingo-delivery/2-C6XKTFWEKFWETA,grabfood,2025-09-09 10:37:51.074512,True,2100.0,Store page with ordering available,2025-10-01 04:54:57.484980,100.0,0.0,automated_scraper,2025-10-01 04:01:37.902278
40,Cocopan Old Sta. Mesa,https://food.grab.com/ph/en/restaurant/cocopan-old-santa-mesa-delivery/2-C7EUVP2TVRBYVT,grabfood,2025-09-09 10:37:51.123997,True,2653.0,Store page with ordering available,2025-10-01 04:54:57.496510,96.84,3.0,automated_scraper,2025-10-01 04:01:59.398276
39,Cocopan Ortigas Cainta,https://food.grab.com/ph/en/restaurant/cocopan-ortigas-delivery/2-C7KXCKNHG2JJGA,grabfood,2025-09-09 10:37:51.099472,False,3340.0,[OFFLINE] Store shows: today closed,2025-10-01 04:54:56.644430,100.0,0.0,automated_scraper,2025-10-01 03:47:35.789822
41,Cocopan Paco,https://food.grab.com/ph/en/restaurant/cocopan-paco-delivery/2-C35GC7EFRANYRA,grabfood,2025-09-09 10:37:51.147817,True,2241.0,Store page with ordering available,2025-10-01 04:54:57.511152,98.95,1.0,automated_scraper,2025-10-01 04:02:20.255173
44,Cocopan Pag Asa Binangonan,https://food.grab.com/ph/en/restaurant/cocopan-binangonan-delivery/2-C66BHCDEKACAAJ,grabfood,2025-09-09 10:37:51.235460,True,2159.0,Store page with ordering available,2025-10-01 04:54:57.550379,95.79,4.0,automated_scraper,2025-10-01 04:03:28.051878
50,Cocopan Palatiw,https://r.grab.com/g/6-20250906_123719_D04A3A46E55B4AF29A6D170C83D08758_MEXMPS-2-C6UYGKT2ECDXTT,grabfood,2025-09-09 10:37:51.354219,True,3268.0,Store page with ordering available,2025-10-01 02:59:36.729699,,,,
42,Cocopan Pateros,https://food.grab.com/ph/en/restaurant/cocopan-pateros-delivery/2-C6UYHBKJRYDKAE,grabfood,2025-09-09 10:37:51.176882,True,3826.0,Store page with ordering available,2025-10-01 04:54:57.524869,95.79,4.0,automated_scraper,2025-10-01 04:02:41.558005
45,Cocopan Pedro Gil,https://food.grab.com/ph/en/restaurant/cocopan-pedro-gil-delivery/2-C4E2FAJECANYCT,grabfood,2025-09-09 10:37:51.254808,True,1924.0,Store page with ordering available,2025-10-01 04:54:57.564855,92.63,7.0,automated_scraper,2025-10-01 04:03:50.376952
43,Cocopan Pinagbuhatan,https://food.grab.com/ph/en/restaurant/cocopan-pinagbuhatan-delivery/2-C6TATPA2V4EZHE,grabfood,2025-09-09 10:37:51.208408,True,3531.0,Store page with ordering available,2025-10-01 04:54:57.536658,98.95,1.0,automated_scraper,2025-10-01 04:03:04.883986
186,Cocopan Pinagsama,https://food.grab.com/ph/en/restaurant/cocopan-pinagsama-delivery/2-C6TATPA2V8KAGA,grabfood,2025-10-01 05:08:51.557705,,,,,,,,
48,Cocopan Pinagsama I,https://r.grab.com/g/6-20250906_123531_D04A3A46E55B4AF29A6D170C83D08758_MEXMPS-2-C6TATPA2V8KAGA,grabfood,2025-09-09 10:37:51.316360,True,3238.0,Store page with ordering available,2025-10-01 02:59:36.699499,,,,
46,Cocopan Pio Valenzuela,https://food.grab.com/ph/en/restaurant/cocopan-pio-valenzuela-delivery/2-C6TATUVFRAJBLX,grabfood,2025-09-09 10:37:51.271882,True,3361.0,Store page with ordering available,2025-10-01 04:54:57.578513,100.0,0.0,automated_scraper,2025-10-01 04:04:11.459101
66,Cocopan Polo M.H Del Pilar,https://food.grab.com/ph/en/restaurant/cocopan-polo-m-h-del-pilar-delivery/2-C66BHCDEKF6YUE,grabfood,2025-09-09 10:37:51.689047,True,2005.0,Store page with ordering available,2025-10-01 04:54:57.851108,98.95,1.0,automated_scraper,2025-10-01 04:11:36.006008
185,Cocopan Pulang Lupa,https://food.grab.com/ph/en/restaurant/cocopan-pulang-lupa-delivery/2-C6MCSA4EPBWAC6,grabfood,2025-10-01 05:08:51.529334,,,,,,,,
187,Cocopan Putatan,https://food.grab.com/ph/en/restaurant/cocopan-putatan-delivery/2-C66BGTUAWEUFEA,grabfood,2025-10-01 05:08:51.587449,,,,,,,,
51,Cocopan Quiapo,https://food.grab.com/ph/en/restaurant/cocopan-quezon-blvd-quiapo-delivery/2-C6MEGZMTTNUANJ,grabfood,2025-09-09 10:37:51.374984,True,1992.0,Store page with ordering available,2025-10-01 04:54:57.657641,87.37,12.0,automated_scraper,2025-10-01 04:06:00.404549
53,Cocopan Samadores,https://r.grab.com/g/6-20250906_131013_D04A3A46E55B4AF29A6D170C83D08758_MEXMPS-2-C6V2PEAEEFLGMA,grabfood,2025-09-09 10:37:51.412388,True,1841.0,Store page with ordering available,2025-10-01 02:59:36.778521,,,,
58,Cocopan San Lazaro,https://r.grab.com/g/6-20250906_140146_D04A3A46E55B4AF29A6D170C83D08758_MEXMPS-2-C4E2FAJGTYTCVA,grabfood,2025-09-09 10:37:51.518488,True,1636.0,Store page with ordering available,2025-10-01 02:59:36.853423,,,,
191,Cocopan Santa Quiteria Caloocan,https://food.grab.com/ph/en/restaurant/cocopan-santa-quiteria-caloocan-delivery/2-C66BGTT3C2MJJJ,grabfood,2025-10-01 05:08:51.731201,,,,,,,,
55,Cocopan San Vicente,https://r.grab.com/g/6-20250906_125907_D04A3A46E55B4AF29A6D170C83D08758_MEXMPS-2-C7E1CYCVGPEFCE,grabfood,2025-09-09 10:37:51.452232,True,1941.0,Store page with ordering available,2025-10-01 02:59:36.810495,,,,
190,Cocopan San Vicente Binan,https://food.grab.com/ph/en/restaurant/cocopan-san-vicente-binan-delivery/2-C7E1CYCVGPEFCE,grabfood,2025-10-01 05:08:51.678782,,,,,,,,
154,Cocopan Sarmiento,https://food.grab.com/ph/en/restaurant/cocopan-sarmiento-delivery/2-C6MCRY5FGJEKJJ,grabfood,2025-10-01 03:56:35.820036,True,2571.0,Store page with ordering available,2025-10-01 04:54:57.696378,93.68,6.0,automated_scraper,2025-10-01 04:07:08.684918
157,Cocopan Sierra Madre,https://food.grab.com/ph/en/restaurant/cocopan-sierra-madre-delivery/2-C7E1ANWBJCCAVA,grabfood,2025-10-01 03:56:35.891588,True,1958.0,Store page with ordering available,2025-10-01 04:54:57.734699,95.79,4.0,automated_scraper,2025-10-01 04:08:13.897055
156,Cocopan Signal,https://food.grab.com/ph/en/restaurant/cocopan-signal-delivery/2-C6TBLCCKNXK3TE,grabfood,2025-10-01 03:56:35.876641,True,2980.0,Store page with ordering available,2025-10-01 04:54:57.720848,98.95,1.0,automated_scraper,2025-10-01 04:07:52.078559
152,Cocopan Sixto Antonio,https://food.grab.com/ph/en/restaurant/cocopan-sixto-antonio-delivery/2-C7EUVP2UAU6ZAN,grabfood,2025-10-01 03:56:35.786066,True,3376.0,Store page with ordering available,2025-10-01 04:54:57.671238,83.16,16.0,automated_scraper,2025-10-01 04:06:22.766886
52,Cocopan Sixto Caniogan,https://r.grab.com/g/6-20250906_123812_D04A3A46E55B4AF29A6D170C83D08758_MEXMPS-2-C7EUVP2UAU6ZAN,grabfood,2025-09-09 10:37:51.392353,True,2251.0,Store page with ordering available,2025-10-01 02:59:36.760743,,,,
59,Cocopan Sta. Quiteria,https://r.grab.com/g/6-20250906_125612_D04A3A46E55B4AF29A6D170C83D08758_MEXMPS-2-C66BGTT3C2MJJJ,grabfood,2025-09-09 10:37:51.536658,True,3009.0,Store page with ordering available,2025-10-01 02:59:36.871542,,,,
193,Cocopan Susano Road Novaliches,https://food.grab.com/ph/en/restaurant/cocopan-susano-road-novaliches-delivery/2-C6MEHBN2EX51EA,grabfood,2025-10-01 05:57:05.131429,,,,,,,,
67,Cocopan Susano Road Novaliches,https://r.grab.com/g/6-20250906_125409_D04A3A46E55B4AF29A6D170C83D08758_MEXMPS-2-C6MEHBN2EX51EA,grabfood,2025-09-09 10:37:51.711480,False,1711.0,[OFFLINE] Store shows: today closed,2025-10-01 04:54:56.549360,94.74,5.0,automated_scraper,2025-10-01 03:46:57.154393
62,Cocopan Talon Uno,https://food.grab.com/ph/en/restaurant/cocopan-talon-uno-delivery/2-C6TATTL2UGBXE2,grabfood,2025-09-09 10:37:51.596053,True,3246.0,Store page with ordering available,2025-10-01 04:54:57.796548,98.95,1.0,automated_scraper,2025-10-01 04:10:07.821390
60,Cocopan Taytay,https://food.grab.com/ph/en/restaurant/cocopan-taytay-delivery/2-C66BHCDEJ2CFTA,grabfood,2025-09-09 10:37:51.557282,True,2887.0,Store page with ordering available,2025-10-01 04:54:57.772209,100.0,0.0,automated_scraper,2025-10-01 04:09:22.289894
192,Cocopan Tejeros,https://food.grab.com/ph/en/restaurant/cocopan-tejeros-delivery/2-C6UYGKT2EF61VJ,grabfood,2025-10-01 05:08:51.764245,,,,,,,,
63,Cocopan Villongco I,https://food.grab.com/ph/en/restaurant/cocopan-villongco-delivery/2-C6TATUVFRJC1TN,grabfood,2025-09-09 10:37:51.618053,True,3330.0,Store page with ordering available,2025-10-01 04:54:57.809012,98.95,1.0,automated_scraper,2025-10-01 04:10:29.471111
64,Cocopan Wakas Bocaue,https://food.grab.com/ph/en/restaurant/cocopan-wakas-bocaue-delivery/2-C7E1CF32A7EVME,grabfood,2025-09-09 10:37:51.639334,True,2403.0,Store page with ordering available,2025-10-01 04:54:57.823280,100.0,0.0,automated_scraper,2025-10-01 04:10:51.054407
65,Cocopan Zapote,https://food.grab.com/ph/en/restaurant/cocopan-zapote-delivery/2-C7E1CF32BEEUGA,grabfood,2025-09-09 10:37:51.662916,True,2008.0,Store page with ordering available,2025-10-01 04:54:57.837794,100.0,0.0,automated_scraper,2025-10-01 04:11:14.873035
